variable,count,mean,std,min,25%,50%,75%,max,original
dummy1,1000.0,-0.0002864012347882628,0.010454980250051293,-0.0307215861732856,-0.00761532169292595,-0.00067512640635795,0.006966590375899475,0.0373800313708763,-0.0066831489982703
dummy2,1000.0,0.0002454322421480608,0.010433090234223102,-0.034289468113883,-0.006878670455534775,0.00043965467890315,0.007372648156731949,0.0330063879864681,0.0016202787512824
x1,1000.0,-0.04972855646631153,3.004108835909981,-7.924680910110059,-1.9865161204676074,0.010926327343787349,1.8678767204100875,28.20535289817844,28.20535289817844
x2,1000.0,-0.25647247151808233,8.260695750904347,-27.257122792824333,-5.6003407065971995,-0.3080277668148934,5.14908433342874,75.0509858272282,75.0509858272282
x3,1000.0,-0.012239867728784255,1.9545855354408217,-6.111315103736267,-1.2311362893422304,-0.04911307405404125,1.1999395456471644,17.75383143102128,17.75383143102128
